timestamp,temperature,light,wind_speed,risk_level,source
2026-03-11 01:55:24,23.0,0,15.0,LOW,sensor
2026-03-11 01:55:26,23.0,0,15.0,LOW,sensor
2026-03-11 01:55:28,23.0,0,15.0,LOW,sensor
2026-03-11 01:55:30,23.0,0,15.0,LOW,sensor
2026-03-11 01:55:32,23.0,0,15.0,LOW,sensor
2026-03-11 01:55:34,23.0,0,15.0,LOW,sensor
2026-03-11 01:55:36,23.0,0,15.0,LOW,sensor
2026-03-11 01:55:38,23.0,0,15.0,LOW,sensor
2026-03-11 01:55:40,23.0,0,15.0,LOW,sensor
2026-03-11 01:55:42,23.0,0,15.0,LOW,sensor
2026-03-11 01:55:44,23.0,0,15.0,LOW,sensor
2026-03-11 01:55:46,23.0,0,15.0,LOW,sensor
2026-03-11 01:55:48,23.0,0,15.0,LOW,sensor
2026-03-11 01:55:50,23.0,0,15.0,LOW,sensor
2026-03-11 01:55:52,23.0,0,15.0,LOW,sensor
2026-03-11 01:55:54,23.0,0,15.0,LOW,sensor
2026-03-11 01:55:54,23.0,0,15.0,LOW,sensor
2026-03-11 01:55:56,23.0,0,15.0,LOW,sensor
2026-03-11 01:55:58,23.0,0,15.0,LOW,sensor
2026-03-11 01:56:00,22.0,0,15.0,LOW,sensor
2026-03-11 01:56:02,22.0,0,15.0,LOW,sensor
2026-03-11 01:56:04,23.0,0,15.0,LOW,sensor
2026-03-11 01:56:06,23.0,0,15.0,LOW,sensor
2026-03-11 01:56:08,23.0,0,15.0,LOW,sensor
2026-03-11 01:56:10,23.0,0,15.0,LOW,sensor
2026-03-11 01:56:12,23.0,0,15.0,LOW,sensor
2026-03-11 01:56:14,23.0,0,15.0,LOW,sensor
2026-03-11 01:56:16,23.0,0,15.0,LOW,sensor
2026-03-11 01:56:18,23.0,0,15.0,LOW,sensor
2026-03-11 01:56:20,23.0,0,15.0,LOW,sensor
2026-03-11 01:56:22,23.0,0,15.0,LOW,sensor
2026-03-11 01:56:24,23.0,0,15.0,LOW,sensor
2026-03-11 01:56:26,23.0,0,15.0,LOW,sensor
2026-03-11 01:56:28,23.0,0,15.0,LOW,sensor
2026-03-11 01:56:30,23.0,0,15.0,LOW,sensor
2026-03-11 01:56:32,22.0,0,15.0,LOW,sensor
2026-03-11 01:56:34,22.0,0,15.0,LOW,sensor
2026-03-11 01:56:36,22.0,0,15.0,LOW,sensor
2026-03-11 01:56:38,22.0,0,15.0,LOW,sensor
2026-03-11 01:56:40,23.0,0,15.0,LOW,sensor
2026-03-11 01:56:42,23.0,0,15.0,LOW,sensor
2026-03-11 01:56:44,23.0,0,15.0,LOW,sensor
2026-03-11 01:56:46,23.0,0,15.0,LOW,sensor
2026-03-11 01:56:48,23.0,0,15.0,LOW,sensor
2026-03-11 01:56:51,23.0,0,15.0,LOW,sensor
2026-03-11 01:56:53,23.0,0,15.0,LOW,sensor
2026-03-11 01:56:55,23.0,0,15.0,LOW,sensor
2026-03-11 01:56:57,23.0,0,15.0,LOW,sensor
2026-03-11 01:56:59,23.0,0,15.0,LOW,sensor
2026-03-11 01:57:01,23.0,0,15.0,LOW,sensor
2026-03-11 01:57:03,23.0,0,15.0,LOW,sensor
2026-03-11 01:57:05,23.0,0,15.0,LOW,sensor
2026-03-11 01:57:07,23.0,0,15.0,LOW,sensor
2026-03-11 01:57:09,23.0,0,15.0,LOW,sensor
2026-03-11 01:57:11,23.0,0,15.0,LOW,sensor
2026-03-11 01:57:13,23.0,0,15.0,LOW,sensor
2026-03-11 01:57:15,23.0,0,15.0,LOW,sensor
2026-03-11 01:57:17,23.0,0,15.0,LOW,sensor
2026-03-11 01:57:19,23.0,0,15.0,LOW,sensor
2026-03-11 01:57:21,23.0,0,15.0,LOW,sensor
2026-03-11 01:57:23,23.0,0,15.0,LOW,sensor
2026-03-11 01:57:25,23.0,0,15.0,LOW,sensor
2026-03-11 01:57:27,23.0,0,15.0,LOW,sensor
2026-03-11 01:57:29,23.0,0,15.0,LOW,sensor
2026-03-11 01:57:31,23.0,0,15.0,LOW,sensor
2026-03-11 01:57:33,23.0,0,15.0,LOW,sensor
2026-03-11 01:57:35,23.0,0,15.0,LOW,sensor
2026-03-11 01:57:37,23.0,0,15.0,LOW,sensor
2026-03-11 01:57:39,23.0,0,15.0,LOW,sensor
2026-03-11 01:57:41,23.0,0,15.0,LOW,sensor
2026-03-11 01:57:43,23.0,0,15.0,LOW,sensor
2026-03-11 01:57:45,23.0,0,15.0,LOW,sensor
2026-03-11 01:57:47,23.0,0,15.0,LOW,sensor
2026-03-11 01:57:49,23.0,0,15.0,LOW,sensor
2026-03-11 01:57:51,23.0,0,15.0,LOW,sensor
2026-03-11 01:57:53,23.0,0,15.0,LOW,sensor
2026-03-11 01:57:55,22.0,0,15.0,LOW,sensor
2026-03-11 01:57:57,23.0,0,15.0,LOW,sensor
2026-03-11 01:57:59,23.0,0,15.0,LOW,sensor
2026-03-11 01:58:01,23.0,0,15.0,LOW,sensor
2026-03-11 01:58:03,23.0,0,15.0,LOW,sensor
2026-03-11 01:58:05,23.0,0,15.0,LOW,sensor
2026-03-11 01:58:07,23.0,0,15.0,LOW,sensor
2026-03-11 01:58:09,23.0,0,15.0,LOW,sensor
2026-03-11 01:58:11,22.0,0,15.0,LOW,sensor
2026-03-11 01:58:13,23.0,0,15.0,LOW,sensor
2026-03-11 01:58:15,23.0,0,15.0,LOW,sensor
2026-03-11 01:58:17,23.0,0,15.0,LOW,sensor
2026-03-11 01:58:19,23.0,0,15.0,LOW,sensor
2026-03-11 01:58:21,23.0,0,15.0,LOW,sensor
2026-03-11 01:58:23,23.0,0,15.0,LOW,sensor
2026-03-11 01:58:25,23.0,0,15.0,LOW,sensor
2026-03-11 01:58:27,23.0,0,15.0,LOW,sensor
2026-03-11 01:58:29,23.0,0,15.0,LOW,sensor
2026-03-11 01:58:31,23.0,0,15.0,LOW,sensor
2026-03-11 01:58:33,23.0,0,15.0,LOW,sensor
2026-03-11 01:58:35,23.0,0,15.0,LOW,sensor
2026-03-11 01:58:37,23.0,0,15.0,LOW,sensor
2026-03-11 01:58:39,23.0,0,15.0,LOW,sensor
2026-03-11 01:58:41,23.0,0,15.0,LOW,sensor
2026-03-11 01:58:43,23.0,0,15.0,LOW,sensor
2026-03-11 01:58:45,23.0,0,15.0,LOW,sensor
2026-03-11 01:58:47,23.0,0,15.0,LOW,sensor
2026-03-11 01:58:49,23.0,0,15.0,LOW,sensor
2026-03-11 01:58:51,23.0,0,15.0,LOW,sensor
2026-03-11 01:58:53,23.0,0,15.0,LOW,sensor
2026-03-11 01:58:55,23.0,0,15.0,LOW,sensor
2026-03-11 01:58:57,23.0,0,15.0,LOW,sensor
2026-03-11 01:58:59,23.0,0,15.0,LOW,sensor
2026-03-11 01:59:01,23.0,0,15.0,LOW,sensor
2026-03-11 01:59:03,23.0,0,15.0,LOW,sensor
2026-03-11 01:59:05,23.0,0,15.0,LOW,sensor
2026-03-11 01:59:07,22.0,0,15.0,LOW,sensor
2026-03-11 01:59:09,23.0,0,15.0,LOW,sensor
2026-03-11 01:59:11,23.0,0,15.0,LOW,sensor
2026-03-11 01:59:13,23.0,0,15.0,LOW,sensor
2026-03-11 01:59:15,23.0,0,15.0,LOW,sensor
2026-03-11 01:59:17,23.0,0,15.0,LOW,sensor
2026-03-11 01:59:19,23.0,0,15.0,LOW,sensor
2026-03-11 01:59:21,23.0,0,15.0,LOW,sensor
2026-03-11 01:59:24,23.0,0,15.0,LOW,sensor
2026-03-11 01:59:26,23.0,0,15.0,LOW,sensor
2026-03-11 01:59:28,23.0,0,15.0,LOW,sensor
2026-03-11 01:59:30,23.0,0,15.0,LOW,sensor
2026-03-11 01:59:32,23.0,0,15.0,LOW,sensor
2026-03-11 01:59:34,23.0,0,15.0,LOW,sensor
2026-03-11 01:59:36,23.0,0,15.0,LOW,sensor
2026-03-11 01:59:38,23.0,0,15.0,LOW,sensor
2026-03-11 01:59:40,23.0,0,15.0,LOW,sensor
2026-03-11 01:59:42,23.0,0,15.0,LOW,sensor
2026-03-11 01:59:44,23.0,0,15.0,LOW,sensor
2026-03-11 01:59:46,23.0,0,15.0,LOW,sensor
2026-03-11 01:59:48,23.0,0,15.0,LOW,sensor
2026-03-11 01:59:50,23.0,0,15.0,LOW,sensor
2026-03-11 01:59:52,23.0,0,15.0,LOW,sensor
2026-03-11 01:59:54,23.0,0,15.0,LOW,sensor
2026-03-11 01:59:56,23.0,0,15.0,LOW,sensor
2026-03-11 01:59:58,23.0,0,15.0,LOW,sensor
2026-03-11 02:00:00,23.0,0,15.0,LOW,sensor
2026-03-11 02:00:02,23.0,0,15.0,LOW,sensor
2026-03-11 02:00:04,23.0,0,15.0,LOW,sensor
2026-03-11 02:00:06,23.0,0,15.0,LOW,sensor
2026-03-11 02:00:08,23.0,0,15.0,LOW,sensor
2026-03-11 02:00:10,23.0,0,15.0,LOW,sensor
2026-03-11 02:00:12,23.0,0,15.0,LOW,sensor
2026-03-11 02:00:14,23.0,0,15.0,LOW,sensor
2026-03-11 02:00:16,23.0,0,15.0,LOW,sensor
2026-03-11 02:00:18,23.0,0,15.0,LOW,sensor
2026-03-11 02:00:20,23.0,0,15.0,LOW,sensor
2026-03-11 02:00:22,23.0,0,15.0,LOW,sensor
2026-03-11 02:00:24,23.0,0,15.0,LOW,sensor
2026-03-11 02:00:26,23.0,0,15.0,LOW,sensor
2026-03-11 02:00:28,23.0,0,15.0,LOW,sensor
2026-03-11 02:00:30,23.0,0,15.0,LOW,sensor
2026-03-11 02:00:32,23.0,0,15.0,LOW,sensor
2026-03-11 02:00:34,23.0,0,15.0,LOW,sensor
2026-03-11 02:00:36,23.0,0,15.0,LOW,sensor
2026-03-11 02:00:38,23.0,0,15.0,LOW,sensor
2026-03-11 02:00:40,23.0,0,15.0,LOW,sensor
2026-03-11 02:00:42,23.0,0,15.0,LOW,sensor
2026-03-11 02:00:44,22.0,0,15.0,LOW,sensor
2026-03-11 02:00:46,22.0,0,15.0,LOW,sensor
2026-03-11 02:00:48,23.0,0,15.0,LOW,sensor
2026-03-11 02:00:50,22.0,0,15.0,LOW,sensor
2026-03-11 02:00:52,23.0,0,15.0,LOW,sensor
2026-03-11 02:00:54,23.0,0,15.0,LOW,sensor
2026-03-11 02:00:56,23.0,0,15.0,LOW,sensor
2026-03-11 02:00:58,23.0,0,15.0,LOW,sensor
2026-03-11 02:01:00,23.0,0,15.0,LOW,sensor
2026-03-11 02:01:02,23.0,0,15.0,LOW,sensor
2026-03-11 02:01:04,23.0,0,15.0,LOW,sensor
2026-03-11 02:01:06,23.0,0,15.0,LOW,sensor
2026-03-11 02:01:08,23.0,0,15.0,LOW,sensor
2026-03-11 02:01:10,23.0,0,15.0,LOW,sensor
2026-03-11 02:01:12,23.0,0,15.0,LOW,sensor
2026-03-11 02:01:14,23.0,0,15.0,LOW,sensor
2026-03-11 02:01:16,22.0,0,15.0,LOW,sensor
2026-03-11 02:01:18,23.0,0,15.0,LOW,sensor
2026-03-11 02:01:20,23.0,0,15.0,LOW,sensor
2026-03-11 02:01:22,23.0,0,15.0,LOW,sensor
2026-03-11 02:01:24,23.0,0,15.0,LOW,sensor
2026-03-11 02:01:26,23.0,0,15.0,LOW,sensor
2026-03-11 02:01:28,23.0,0,15.0,LOW,sensor
2026-03-11 02:01:30,23.0,0,15.0,LOW,sensor
2026-03-11 02:01:32,23.0,0,15.0,LOW,sensor
2026-03-11 02:01:34,23.0,0,15.0,LOW,sensor
2026-03-11 02:01:37,23.0,0,15.0,LOW,sensor
2026-03-11 02:01:39,23.0,0,15.0,LOW,sensor
2026-03-11 02:01:41,23.0,0,15.0,LOW,sensor
2026-03-11 02:01:43,23.0,0,15.0,LOW,sensor
2026-03-11 02:01:45,23.0,0,15.0,LOW,sensor
2026-03-11 02:01:47,23.0,0,15.0,LOW,sensor
2026-03-11 02:01:49,23.0,0,15.0,LOW,sensor
2026-03-11 02:01:51,23.0,0,15.0,LOW,sensor
2026-03-11 02:01:53,23.0,0,15.0,LOW,sensor
2026-03-11 02:01:55,23.0,0,15.0,LOW,sensor
2026-03-11 02:01:57,23.0,0,15.0,LOW,sensor
2026-03-11 02:01:59,22.0,0,15.0,LOW,sensor
2026-03-11 02:02:01,23.0,0,15.0,LOW,sensor
2026-03-11 02:02:03,23.0,0,15.0,LOW,sensor
2026-03-11 02:02:05,23.0,0,15.0,LOW,sensor
2026-03-11 02:02:07,23.0,0,15.0,LOW,sensor
2026-03-11 02:02:09,23.0,0,15.0,LOW,sensor
2026-03-11 02:02:11,23.0,0,15.0,LOW,sensor
2026-03-11 02:02:13,23.0,0,15.0,LOW,sensor
2026-03-11 02:02:15,23.0,0,15.0,LOW,sensor
2026-03-11 02:02:17,23.0,0,15.0,LOW,sensor
2026-03-11 02:02:19,23.0,0,15.0,LOW,sensor
2026-03-11 02:02:21,23.0,0,15.0,LOW,sensor
2026-03-11 02:02:23,23.0,0,15.0,LOW,sensor
2026-03-11 02:02:25,23.0,0,15.0,LOW,sensor
2026-03-11 02:02:27,23.0,0,15.0,LOW,sensor
2026-03-11 02:02:29,23.0,0,15.0,LOW,sensor
2026-03-11 02:02:31,23.0,0,15.0,LOW,sensor
2026-03-11 02:02:33,23.0,0,15.0,LOW,sensor
2026-03-11 02:02:35,23.0,0,15.0,LOW,sensor
2026-03-11 02:02:37,23.0,0,15.0,LOW,sensor
2026-03-11 02:02:39,23.0,0,15.0,LOW,sensor
2026-03-11 02:02:41,23.0,0,15.0,LOW,sensor
2026-03-11 02:02:43,23.0,0,15.0,LOW,sensor
2026-03-11 02:02:45,23.0,0,15.0,LOW,sensor
2026-03-11 02:02:47,23.0,0,15.0,LOW,sensor
2026-03-11 02:02:49,23.0,0,15.0,LOW,sensor
2026-03-11 02:02:51,23.0,0,15.0,LOW,sensor
2026-03-11 02:02:53,23.0,0,15.0,LOW,sensor
2026-03-11 02:02:55,23.0,0,15.0,LOW,sensor
2026-03-11 02:02:57,23.0,0,15.0,LOW,sensor
2026-03-11 02:02:59,23.0,0,15.0,LOW,sensor
2026-03-11 02:03:01,23.0,0,15.0,LOW,sensor
2026-03-11 02:03:03,23.0,0,15.0,LOW,sensor
2026-03-11 02:03:05,23.0,0,15.0,LOW,sensor
2026-03-11 02:03:07,23.0,0,15.0,LOW,sensor
2026-03-11 02:03:09,23.0,0,15.0,LOW,sensor
2026-03-11 02:03:11,23.0,0,15.0,LOW,sensor
2026-03-11 02:03:13,23.0,0,15.0,LOW,sensor
2026-03-11 02:03:15,23.0,0,15.0,LOW,sensor
2026-03-11 02:03:17,23.0,0,15.0,LOW,sensor
2026-03-11 02:03:19,23.0,0,15.0,LOW,sensor
2026-03-11 02:03:21,23.0,0,15.0,LOW,sensor
2026-03-11 02:03:23,23.0,0,15.0,LOW,sensor
2026-03-11 02:03:25,23.0,0,15.0,LOW,sensor
2026-03-11 02:03:27,23.0,0,15.0,LOW,sensor
2026-03-11 02:03:27,23.0,0,15.0,LOW,sensor
2026-03-11 02:03:29,23.0,0,15.0,LOW,sensor
2026-03-11 02:03:31,23.0,0,15.0,LOW,sensor
2026-03-11 02:03:33,23.0,0,15.0,LOW,sensor
2026-03-11 02:03:36,23.0,0,15.0,LOW,sensor
2026-03-11 02:03:38,23.0,0,15.0,LOW,sensor
2026-03-11 02:03:40,23.0,0,15.0,LOW,sensor
2026-03-11 02:03:42,23.0,0,15.0,LOW,sensor
2026-03-11 02:03:44,23.0,0,15.0,LOW,sensor
2026-03-11 02:03:46,23.0,0,15.0,LOW,sensor
2026-03-11 02:03:48,23.0,0,15.0,LOW,sensor
2026-03-11 02:03:50,23.0,0,15.0,LOW,sensor
2026-03-11 02:03:52,23.0,0,15.0,LOW,sensor
2026-03-11 02:03:54,23.0,0,15.0,LOW,sensor
2026-03-11 02:03:56,23.0,0,15.0,LOW,sensor
2026-03-11 02:03:58,23.0,0,15.0,LOW,sensor
2026-03-11 02:04:00,23.0,0,15.0,LOW,sensor
2026-03-11 02:04:02,23.0,0,15.0,LOW,sensor
2026-03-11 02:04:04,23.0,0,15.0,LOW,sensor
2026-03-11 02:04:06,23.0,0,15.0,LOW,sensor
2026-03-11 02:04:08,23.0,0,15.0,LOW,sensor
2026-03-11 02:04:10,23.0,0,15.0,LOW,sensor
2026-03-11 02:04:12,23.0,0,15.0,LOW,sensor
2026-03-11 02:04:14,23.0,0,15.0,LOW,sensor
2026-03-11 02:04:16,23.0,0,15.0,LOW,sensor
2026-03-11 02:04:18,23.0,0,15.0,LOW,sensor
2026-03-11 02:04:20,23.0,0,15.0,LOW,sensor
2026-03-11 02:04:22,23.0,0,15.0,LOW,sensor
2026-03-11 02:04:24,23.0,0,15.0,LOW,sensor
2026-03-11 02:04:26,23.0,0,15.0,LOW,sensor
2026-03-11 02:04:28,23.0,0,15.0,LOW,sensor
2026-03-11 02:04:30,23.0,0,15.0,LOW,sensor
2026-03-11 02:04:32,23.0,0,15.0,LOW,sensor
2026-03-11 02:04:34,23.0,0,15.0,LOW,sensor
2026-03-11 02:04:36,23.0,0,15.0,LOW,sensor
2026-03-11 02:04:38,23.0,0,15.0,LOW,sensor
2026-03-11 02:04:40,23.0,0,15.0,LOW,sensor
2026-03-11 02:04:42,23.0,0,15.0,LOW,sensor
2026-03-11 02:04:44,23.0,0,15.0,LOW,sensor
2026-03-11 02:04:46,23.0,0,15.0,LOW,sensor
2026-03-11 02:04:48,23.0,0,15.0,LOW,sensor
2026-03-11 02:04:50,23.0,0,15.0,LOW,sensor
2026-03-11 02:04:52,23.0,0,15.0,LOW,sensor
2026-03-11 02:04:54,23.0,0,15.0,LOW,sensor
2026-03-11 02:04:56,23.0,0,15.0,LOW,sensor
2026-03-11 02:04:58,23.0,0,15.0,LOW,sensor
2026-03-11 02:05:00,23.0,0,15.0,LOW,sensor
2026-03-11 02:05:02,23.0,0,15.0,LOW,sensor
2026-03-11 02:05:04,23.0,0,15.0,LOW,sensor
2026-03-11 02:05:06,23.0,0,15.0,LOW,sensor
2026-03-11 02:05:08,23.0,0,15.0,LOW,sensor
2026-03-11 02:05:10,23.0,0,15.0,LOW,sensor
2026-03-11 02:05:12,23.0,0,15.0,LOW,sensor
2026-03-11 02:05:14,23.0,0,15.0,LOW,sensor
2026-03-11 02:05:16,23.0,0,15.0,LOW,sensor
2026-03-11 02:05:18,23.0,0,15.0,LOW,sensor
2026-03-11 02:05:20,23.0,0,15.0,LOW,sensor
2026-03-11 02:05:22,23.0,0,15.0,LOW,sensor
2026-03-11 02:05:24,23.0,0,15.0,LOW,sensor
2026-03-11 02:05:26,23.0,0,15.0,LOW,sensor
2026-03-11 02:05:28,23.0,0,15.0,LOW,sensor
2026-03-11 02:05:31,23.0,0,15.0,LOW,sensor
2026-03-11 02:05:33,23.0,0,15.0,LOW,sensor
2026-03-11 02:05:35,23.0,0,15.0,LOW,sensor
2026-03-11 02:05:37,23.0,0,15.0,LOW,sensor
2026-03-11 02:05:39,23.0,0,15.0,LOW,sensor
2026-03-11 02:05:41,23.0,0,15.0,LOW,sensor
2026-03-11 02:05:43,23.0,0,15.0,LOW,sensor
2026-03-11 02:05:45,23.0,0,15.0,LOW,sensor
2026-03-11 02:05:47,23.0,0,15.0,LOW,sensor
2026-03-11 02:05:49,23.0,0,15.0,LOW,sensor
2026-03-11 02:05:51,23.0,0,15.0,LOW,sensor
2026-03-11 02:05:53,23.0,0,15.0,LOW,sensor
2026-03-11 02:05:55,23.0,0,15.0,LOW,sensor
2026-03-11 02:05:57,23.0,0,15.0,LOW,sensor
2026-03-11 02:05:59,23.0,0,15.0,LOW,sensor
2026-03-11 02:06:01,23.0,0,15.0,LOW,sensor
2026-03-11 02:06:03,23.0,0,15.0,LOW,sensor
2026-03-11 02:06:05,23.0,0,15.0,LOW,sensor
2026-03-11 02:06:07,23.0,0,15.0,LOW,sensor
2026-03-11 02:06:09,23.0,0,15.0,LOW,sensor
2026-03-11 02:06:11,23.0,0,15.0,LOW,sensor
2026-03-11 02:06:13,23.0,0,15.0,LOW,sensor
2026-03-11 02:06:15,23.0,0,15.0,LOW,sensor
2026-03-11 02:06:17,23.0,0,15.0,LOW,sensor
2026-03-11 02:06:19,23.0,0,15.0,LOW,sensor
2026-03-11 02:06:21,23.0,0,15.0,LOW,sensor
2026-03-11 02:06:23,23.0,0,15.0,LOW,sensor
2026-03-11 02:06:25,23.0,0,15.0,LOW,sensor
2026-03-11 02:06:27,23.0,0,15.0,LOW,sensor
2026-03-11 02:06:29,23.0,0,15.0,LOW,sensor
2026-03-11 02:06:31,23.0,0,15.0,LOW,sensor
2026-03-11 02:06:33,23.0,0,15.0,LOW,sensor
2026-03-11 02:06:35,23.0,0,15.0,LOW,sensor
2026-03-11 02:06:37,23.0,0,15.0,LOW,sensor
2026-03-11 02:06:39,23.0,0,15.0,LOW,sensor
2026-03-11 02:06:41,23.0,0,15.0,LOW,sensor
2026-03-11 02:06:43,23.0,0,15.0,LOW,sensor
2026-03-11 02:06:45,23.0,0,15.0,LOW,sensor
2026-03-11 02:06:47,23.0,0,15.0,LOW,sensor
2026-03-11 02:06:49,23.0,0,15.0,LOW,sensor
2026-03-11 02:06:51,23.0,0,15.0,LOW,sensor
2026-03-11 02:06:53,23.0,0,15.0,LOW,sensor
2026-03-11 02:06:55,23.0,0,15.0,LOW,sensor
2026-03-11 02:06:57,23.0,0,15.0,LOW,sensor
2026-03-11 02:06:59,23.0,0,15.0,LOW,sensor
2026-03-11 02:07:01,23.0,0,15.0,LOW,sensor
2026-03-11 02:07:03,23.0,0,15.0,LOW,sensor
2026-03-11 02:07:05,23.0,0,15.0,LOW,sensor
2026-03-11 02:07:07,23.0,0,15.0,LOW,sensor
2026-03-11 02:07:09,23.0,0,15.0,LOW,sensor
2026-03-11 02:07:11,23.0,0,15.0,LOW,sensor
2026-03-11 02:07:13,23.0,0,15.0,LOW,sensor
2026-03-11 02:07:15,23.0,0,15.0,LOW,sensor
2026-03-11 02:07:17,23.0,0,15.0,LOW,sensor
2026-03-11 02:07:19,23.0,0,15.0,LOW,sensor
2026-03-11 02:07:22,23.0,0,15.0,LOW,sensor
2026-03-11 02:07:24,23.0,0,15.0,LOW,sensor
2026-03-11 02:07:26,23.0,0,15.0,LOW,sensor
2026-03-11 02:07:28,23.0,0,15.0,LOW,sensor
2026-03-11 02:07:30,23.0,0,15.0,LOW,sensor
2026-03-11 02:07:32,23.0,0,15.0,LOW,sensor
2026-03-11 02:07:34,23.0,0,15.0,LOW,sensor
2026-03-11 02:07:36,23.0,0,15.0,LOW,sensor
2026-03-11 02:07:38,23.0,0,15.0,LOW,sensor
2026-03-11 02:07:40,23.0,0,15.0,LOW,sensor
2026-03-11 02:07:42,23.0,0,15.0,LOW,sensor
2026-03-11 02:07:44,23.0,0,15.0,LOW,sensor
2026-03-11 02:07:46,23.0,0,15.0,LOW,sensor
2026-03-11 02:07:48,23.0,0,15.0,LOW,sensor
2026-03-11 02:07:50,23.0,0,15.0,LOW,sensor
2026-03-11 02:07:52,23.0,0,15.0,LOW,sensor
2026-03-11 02:07:54,23.0,0,15.0,LOW,sensor
2026-03-11 02:07:56,23.0,0,15.0,LOW,sensor
2026-03-11 02:07:58,23.0,0,15.0,LOW,sensor
2026-03-11 02:08:00,23.0,0,15.0,LOW,sensor
2026-03-11 02:08:02,23.0,0,15.0,LOW,sensor
2026-03-11 02:08:04,23.0,0,15.0,LOW,sensor
2026-03-11 02:08:06,23.0,0,15.0,LOW,sensor
2026-03-11 02:08:08,23.0,0,15.0,LOW,sensor
2026-03-11 02:08:10,23.0,0,15.0,LOW,sensor
2026-03-11 02:08:12,23.0,0,15.0,LOW,sensor
2026-03-11 02:08:14,23.0,0,15.0,LOW,sensor
2026-03-11 02:08:16,23.0,0,15.0,LOW,sensor
2026-03-11 02:08:18,23.0,0,15.0,LOW,sensor
2026-03-11 02:08:20,23.0,0,15.0,LOW,sensor
2026-03-11 02:08:22,23.0,0,15.0,LOW,sensor
2026-03-11 02:08:24,23.0,0,15.0,LOW,sensor
2026-03-11 02:08:26,23.0,0,15.0,LOW,sensor
2026-03-11 02:08:28,23.0,0,15.0,LOW,sensor
2026-03-11 02:08:30,23.0,0,15.0,LOW,sensor
2026-03-11 02:08:30,23.0,0,15.0,LOW,sensor
2026-03-11 02:08:32,23.0,0,15.0,LOW,sensor
2026-03-11 02:08:34,23.0,0,15.0,LOW,sensor
2026-03-11 02:08:36,23.0,0,15.0,LOW,sensor
2026-03-11 02:08:38,23.0,0,15.0,LOW,sensor
2026-03-11 02:08:40,23.0,0,15.0,LOW,sensor
2026-03-11 02:08:42,23.0,0,15.0,LOW,sensor
2026-03-11 02:08:44,23.0,0,15.0,LOW,sensor
2026-03-11 02:08:46,23.0,0,15.0,LOW,sensor
2026-03-11 02:08:48,23.0,0,15.0,LOW,sensor
2026-03-11 02:08:50,23.0,0,15.0,LOW,sensor
2026-03-11 02:08:52,23.0,0,15.0,LOW,sensor
2026-03-11 02:08:54,23.0,0,15.0,LOW,sensor
2026-03-11 02:08:56,23.0,0,15.0,LOW,sensor
2026-03-11 02:08:58,23.0,0,15.0,LOW,sensor
2026-03-11 02:09:00,23.0,0,15.0,LOW,sensor
2026-03-11 02:09:02,23.0,0,15.0,LOW,sensor
2026-03-11 02:09:05,23.0,0,15.0,LOW,sensor
2026-03-11 02:09:07,23.0,0,15.0,LOW,sensor
2026-03-11 02:09:09,23.0,0,15.0,LOW,sensor
2026-03-11 02:09:11,23.0,0,15.0,LOW,sensor
2026-03-11 02:09:13,23.0,0,15.0,LOW,sensor
2026-03-11 02:09:15,23.0,0,15.0,LOW,sensor
2026-03-11 02:09:17,23.0,0,15.0,LOW,sensor
2026-03-11 02:09:19,23.0,0,15.0,LOW,sensor
2026-03-11 02:09:21,23.0,0,15.0,LOW,sensor
2026-03-11 02:09:23,23.0,0,15.0,LOW,sensor
2026-03-11 02:09:25,23.0,0,15.0,LOW,sensor
2026-03-11 02:09:27,23.0,0,15.0,LOW,sensor
2026-03-11 02:09:29,23.0,0,15.0,LOW,sensor
2026-03-11 02:09:31,23.0,0,15.0,LOW,sensor
2026-03-11 02:09:33,23.0,0,15.0,LOW,sensor
2026-03-11 02:09:35,23.0,0,15.0,LOW,sensor
2026-03-11 02:09:37,23.0,0,15.0,LOW,sensor
2026-03-11 02:09:39,23.0,0,15.0,LOW,sensor
2026-03-11 02:09:41,23.0,0,15.0,LOW,sensor
2026-03-11 02:09:43,23.0,0,15.0,LOW,sensor
2026-03-11 02:09:45,23.0,0,15.0,LOW,sensor
2026-03-11 02:09:47,23.0,0,15.0,LOW,sensor
2026-03-11 02:09:49,23.0,0,15.0,LOW,sensor
2026-03-11 02:09:51,23.0,0,15.0,LOW,sensor
2026-03-11 02:09:53,23.0,0,15.0,LOW,sensor
2026-03-11 02:09:55,23.0,0,15.0,LOW,sensor
2026-03-11 02:09:57,23.0,0,15.0,LOW,sensor
2026-03-11 02:09:59,23.0,0,15.0,LOW,sensor
2026-03-11 02:10:01,23.0,0,15.0,LOW,sensor
2026-03-11 02:10:03,23.0,0,15.0,LOW,sensor
2026-03-11 02:10:05,23.0,0,15.0,LOW,sensor
2026-03-11 02:10:07,23.0,0,15.0,LOW,sensor
2026-03-11 02:10:09,23.0,0,15.0,LOW,sensor
2026-03-11 02:10:11,23.0,0,15.0,LOW,sensor
2026-03-11 02:10:13,23.0,0,15.0,LOW,sensor
2026-03-11 02:10:15,23.0,0,15.0,LOW,sensor
2026-03-11 02:10:17,23.0,0,15.0,LOW,sensor
2026-03-11 02:10:19,23.0,0,15.0,LOW,sensor
2026-03-11 02:10:21,23.0,0,15.0,LOW,sensor
2026-03-11 02:10:23,23.0,0,15.0,LOW,sensor
2026-03-11 02:10:25,23.0,0,15.0,LOW,sensor
2026-03-11 02:10:27,23.0,0,15.0,LOW,sensor
2026-03-11 02:10:29,23.0,0,15.0,LOW,sensor
2026-03-11 02:10:31,23.0,0,15.0,LOW,sensor
2026-03-11 02:10:33,23.0,0,15.0,LOW,sensor
2026-03-11 02:10:35,23.0,0,15.0,LOW,sensor
2026-03-11 02:10:37,23.0,0,15.0,LOW,sensor
2026-03-11 02:10:39,23.0,0,15.0,LOW,sensor
2026-03-11 02:10:41,23.0,0,15.0,LOW,sensor
2026-03-11 02:10:43,23.0,0,15.0,LOW,sensor
2026-03-11 02:10:45,23.0,0,15.0,LOW,sensor
2026-03-11 02:10:47,22.0,0,15.0,LOW,sensor
2026-03-11 02:10:49,23.0,0,15.0,LOW,sensor
2026-03-11 02:10:51,23.0,0,15.0,LOW,sensor
2026-03-11 02:10:53,23.0,0,15.0,LOW,sensor
2026-03-11 02:10:55,23.0,0,15.0,LOW,sensor
2026-03-11 02:10:57,23.0,0,15.0,LOW,sensor
2026-03-11 02:10:59,23.0,0,15.0,LOW,sensor
2026-03-11 02:11:01,23.0,0,15.0,LOW,sensor
2026-03-11 02:11:03,23.0,0,15.0,LOW,sensor
2026-03-11 02:11:05,23.0,0,15.0,LOW,sensor
2026-03-11 02:11:08,23.0,0,15.0,LOW,sensor
2026-03-11 02:11:10,23.0,0,15.0,LOW,sensor
2026-03-11 02:11:12,23.0,0,15.0,LOW,sensor
2026-03-11 02:11:14,23.0,0,15.0,LOW,sensor
2026-03-11 02:11:16,23.0,0,15.0,LOW,sensor
2026-03-11 02:11:18,23.0,0,15.0,LOW,sensor
2026-03-11 02:11:20,23.0,0,15.0,LOW,sensor
2026-03-11 02:11:22,23.0,0,15.0,LOW,sensor
2026-03-11 02:11:24,22.0,0,15.0,LOW,sensor
2026-03-11 02:11:26,23.0,0,15.0,LOW,sensor
2026-03-11 02:11:28,23.0,0,15.0,LOW,sensor
2026-03-11 02:11:30,23.0,0,15.0,LOW,sensor
2026-03-11 02:11:32,23.0,0,15.0,LOW,sensor
2026-03-11 02:11:34,23.0,0,15.0,LOW,sensor
2026-03-11 02:11:36,23.0,0,15.0,LOW,sensor
2026-03-11 02:11:38,23.0,0,15.0,LOW,sensor
2026-03-11 02:11:40,22.0,0,15.0,LOW,sensor
2026-03-11 02:11:42,23.0,0,15.0,LOW,sensor
2026-03-11 02:11:44,23.0,0,15.0,LOW,sensor
2026-03-11 02:11:46,23.0,0,15.0,LOW,sensor
2026-03-11 02:11:48,23.0,0,15.0,LOW,sensor
2026-03-11 02:11:50,23.0,0,15.0,LOW,sensor
2026-03-11 02:11:52,23.0,0,15.0,LOW,sensor
2026-03-11 02:11:54,23.0,0,15.0,LOW,sensor
2026-03-11 02:11:56,23.0,0,15.0,LOW,sensor
2026-03-11 02:11:58,23.0,0,15.0,LOW,sensor
2026-03-11 02:12:00,23.0,0,15.0,LOW,sensor
2026-03-11 02:12:02,23.0,0,15.0,LOW,sensor
2026-03-11 02:12:04,23.0,0,15.0,LOW,sensor
2026-03-11 02:12:06,23.0,0,15.0,LOW,sensor
2026-03-11 02:12:08,23.0,0,15.0,LOW,sensor
2026-03-11 02:12:10,23.0,0,15.0,LOW,sensor
2026-03-11 02:12:12,22.0,0,15.0,LOW,sensor
2026-03-11 02:12:14,23.0,0,15.0,LOW,sensor
2026-03-11 02:12:16,23.0,0,15.0,LOW,sensor
2026-03-11 02:12:18,23.0,0,15.0,LOW,sensor
2026-03-11 02:12:20,23.0,0,15.0,LOW,sensor
2026-03-11 02:12:22,23.0,0,15.0,LOW,sensor
2026-03-11 02:12:24,23.0,0,15.0,LOW,sensor
2026-03-11 02:12:26,23.0,0,15.0,LOW,sensor
2026-03-11 02:12:28,23.0,0,15.0,LOW,sensor
2026-03-11 02:12:30,23.0,0,15.0,LOW,sensor
2026-03-11 02:12:32,23.0,0,15.0,LOW,sensor
2026-03-11 02:12:34,23.0,0,15.0,LOW,sensor
2026-03-11 02:12:36,23.0,0,15.0,LOW,sensor
2026-03-11 02:12:38,23.0,0,15.0,LOW,sensor
2026-03-11 02:12:40,23.0,0,15.0,LOW,sensor
2026-03-11 02:12:42,23.0,0,15.0,LOW,sensor
2026-03-11 02:12:44,23.0,0,15.0,LOW,sensor
2026-03-11 02:12:46,23.0,0,15.0,LOW,sensor
2026-03-11 02:12:48,23.0,0,15.0,LOW,sensor
2026-03-11 02:12:50,23.0,0,15.0,LOW,sensor
2026-03-11 02:12:52,23.0,0,15.0,LOW,sensor
2026-03-11 02:12:54,23.0,0,15.0,LOW,sensor
2026-03-11 02:12:56,23.0,0,15.0,LOW,sensor
2026-03-11 02:12:58,23.0,0,15.0,LOW,sensor
2026-03-11 02:13:00,23.0,0,15.0,LOW,sensor
2026-03-11 02:13:03,22.0,0,15.0,LOW,sensor
2026-03-11 02:13:05,23.0,0,15.0,LOW,sensor
2026-03-11 02:13:07,23.0,0,15.0,LOW,sensor
2026-03-11 02:13:09,23.0,0,15.0,LOW,sensor
2026-03-11 02:13:11,23.0,0,15.0,LOW,sensor
2026-03-11 02:13:13,23.0,0,15.0,LOW,sensor
2026-03-11 02:13:15,23.0,0,15.0,LOW,sensor
2026-03-11 02:13:17,23.0,0,15.0,LOW,sensor
2026-03-11 02:13:19,23.0,0,15.0,LOW,sensor
2026-03-11 02:13:21,23.0,0,15.0,LOW,sensor
2026-03-11 02:13:23,23.0,0,15.0,LOW,sensor
